{
    "normals":[0.733023,0.588916,0.340375,0.0999665,-0.0583336,-0.993279,-0.616737,-0.661097,-0.427301,-0.0673248,-0.036981,0.997046,-0.333749,0.154665,0.929887,0.347533,-0.730444,-0.587939,0.909575,0.17227,0.378149,0.811701,0.0535829,0.58161,0.667835,-0.0914831,0.738666,0.620719,-0.268388,0.736666,0.220123,-0.315198,0.923145,0.390288,-0.574852,0.719181,0.133796,-0.983756,0.119682,0.113627,-0.988759,-0.0971834,0.116223,-0.949001,-0.293068,0.408073,-0.579906,-0.705114,0.193544,-0.766737,-0.61209,-0.677546,-0.722543,-0.137343,-0.907339,-0.172261,-0.383488,-0.810879,-0.0517493,-0.582922,-0.670209,0.0928483,-0.736341,-0.615328,0.235384,-0.752307,-0.261698,0.41223,-0.872686,-0.374676,0.606106,-0.701608,-0.131116,0.983149,-0.127386,-0.112523,0.989386,0.0919449,-0.117187,0.949409,0.291358,-0.359701,0.562695,0.744305,-0.19086,0.747822,0.635873,0.601164,0.798719,-0.0255008],
    "materials":[{
        "opacity":1,
        "transparent":false,
        "colorDiffuse":[0.118092,0.123812,0.147566],
        "colorEmissive":[0,0,0],
        "depthTest":true,
        "visible":true,
        "wireframe":false,
        "shading":"lambert",
        "DbgColor":15658734,
        "DbgIndex":0,
        "DbgName":"Black.002",
        "blending":1,
        "depthWrite":true,
        "doubleSided":false
    }],
    "morphTargets":[{
        "vertices":[-0.118373,-0.439474,-0.44719,0.167894,-0.451436,-0.649027,-0.145111,-0.445827,-0.45573,0.167029,-0.442617,-0.660495,-0.113787,-0.467187,-0.440934,0.154281,-0.455933,-0.651486,-0.140525,-0.47354,-0.449474,0.153423,-0.447112,-0.662952,-0.0930729,-0.44475,-0.50098,-0.0603415,-0.438449,-0.544164,-0.0177903,-0.424074,-0.578301,0.0283908,-0.375224,-0.595543,0.0893412,-0.356099,-0.601344,0.128627,-0.400218,-0.651152,0.123058,-0.38366,-0.669734,0.063387,-0.349952,-0.61476,-0.000447355,-0.37273,-0.608735,-0.0396268,-0.420554,-0.594145,-0.0842779,-0.438424,-0.558281,-0.11864,-0.448001,-0.512728,0.0990174,-0.392218,-0.6703,0.0610974,-0.372697,-0.627175,-0.0021394,-0.397644,-0.617638,-0.0403325,-0.44706,-0.599369,-0.0836703,-0.465938,-0.55978,-0.116249,-0.475982,-0.510473,0.104563,-0.40879,-0.651721,0.0775604,-0.383539,-0.610107,0.0172134,-0.40484,-0.600788,-0.0184756,-0.450622,-0.583523,-0.0596795,-0.466027,-0.545624,-0.0906609,-0.472746,-0.49869,-0.145111,-0.445827,-0.45573,-0.145111,-0.445827,-0.45573,-0.118373,-0.439474,-0.44719,-0.118373,-0.439474,-0.44719,0.128627,-0.400218,-0.651152,0.128627,-0.400218,-0.651152,0.167894,-0.451436,-0.649027,0.167894,-0.451436,-0.649027,0.167029,-0.442617,-0.660495,0.167029,-0.442617,-0.660495,-0.11864,-0.448001,-0.512728,-0.140525,-0.47354,-0.449474,-0.140525,-0.47354,-0.449474,0.153423,-0.447112,-0.662952,0.153423,-0.447112,-0.662952,-0.116249,-0.475982,-0.510473,-0.113787,-0.467187,-0.440934,-0.113787,-0.467187,-0.440934,0.154281,-0.455933,-0.651486,0.154281,-0.455933,-0.651486,-0.0906609,-0.472746,-0.49869,-0.0930729,-0.44475,-0.50098,-0.0603415,-0.438449,-0.544164,-0.0177903,-0.424074,-0.578301,-0.0177903,-0.424074,-0.578301,0.0283908,-0.375224,-0.595543,0.0893412,-0.356099,-0.601344,0.0893412,-0.356099,-0.601344,0.123058,-0.38366,-0.669734,0.123058,-0.38366,-0.669734,0.063387,-0.349952,-0.61476,0.063387,-0.349952,-0.61476,-0.000447355,-0.37273,-0.608735,-0.0396268,-0.420554,-0.594145,-0.0396268,-0.420554,-0.594145,-0.0842779,-0.438424,-0.558281,0.0990174,-0.392218,-0.6703,0.0990174,-0.392218,-0.6703,0.0610974,-0.372697,-0.627175,0.0610974,-0.372697,-0.627175,-0.0021394,-0.397644,-0.617638,-0.0403325,-0.44706,-0.599369,-0.0403325,-0.44706,-0.599369,-0.0836703,-0.465938,-0.55978,0.104563,-0.40879,-0.651721,0.104563,-0.40879,-0.651721,0.0775604,-0.383539,-0.610107,0.0775604,-0.383539,-0.610107,0.0172134,-0.40484,-0.600788,-0.0184756,-0.450622,-0.583523,-0.0184756,-0.450622,-0.583523,-0.0596795,-0.466027,-0.545624],
        "name":"animation_000000"
    },{
        "vertices":[-0.120521,-0.445398,-0.4677,-0.104074,-0.448272,-0.689649,-0.135776,-0.451328,-0.457973,-0.109631,-0.438946,-0.693945,-0.116855,-0.473343,-0.467159,-0.110975,-0.452639,-0.683921,-0.132111,-0.479273,-0.457432,-0.116528,-0.44331,-0.688219,-0.136823,-0.448213,-0.501811,-0.144423,-0.439969,-0.53539,-0.143274,-0.424087,-0.570205,-0.130858,-0.37458,-0.600298,-0.108221,-0.35527,-0.632731,-0.118672,-0.397039,-0.671726,-0.129258,-0.37966,-0.676663,-0.124982,-0.348504,-0.625478,-0.148838,-0.371468,-0.591505,-0.159676,-0.419834,-0.56593,-0.160985,-0.439281,-0.529353,-0.153033,-0.450902,-0.493985,-0.139626,-0.388159,-0.665015,-0.132993,-0.370631,-0.629159,-0.154989,-0.39592,-0.594039,-0.163702,-0.446044,-0.567445,-0.162706,-0.466668,-0.529996,-0.152222,-0.47893,-0.493982,-0.129053,-0.405551,-0.660068,-0.118491,-0.382242,-0.630233,-0.139263,-0.403886,-0.596654,-0.147293,-0.450339,-0.571729,-0.146106,-0.467421,-0.536044,-0.135986,-0.476257,-0.501804,-0.135776,-0.451328,-0.457973,-0.135776,-0.451328,-0.457973,-0.120521,-0.445398,-0.4677,-0.120521,-0.445398,-0.4677,-0.118672,-0.397039,-0.671726,-0.118672,-0.397039,-0.671726,-0.104074,-0.448272,-0.689649,-0.104074,-0.448272,-0.689649,-0.109631,-0.438946,-0.693945,-0.109631,-0.438946,-0.693945,-0.153033,-0.450902,-0.493985,-0.132111,-0.479273,-0.457432,-0.132111,-0.479273,-0.457432,-0.116528,-0.44331,-0.688219,-0.116528,-0.44331,-0.688219,-0.152222,-0.47893,-0.493982,-0.116855,-0.473343,-0.467159,-0.116855,-0.473343,-0.467159,-0.110975,-0.452639,-0.683921,-0.110975,-0.452639,-0.683921,-0.135986,-0.476257,-0.501804,-0.136823,-0.448213,-0.501811,-0.144423,-0.439969,-0.53539,-0.143274,-0.424087,-0.570205,-0.143274,-0.424087,-0.570205,-0.130858,-0.37458,-0.600298,-0.108221,-0.35527,-0.632731,-0.108221,-0.35527,-0.632731,-0.129258,-0.37966,-0.676663,-0.129258,-0.37966,-0.676663,-0.124982,-0.348504,-0.625478,-0.124982,-0.348504,-0.625478,-0.148838,-0.371468,-0.591505,-0.159676,-0.419834,-0.56593,-0.159676,-0.419834,-0.56593,-0.160985,-0.439281,-0.529353,-0.139626,-0.388159,-0.665015,-0.139626,-0.388159,-0.665015,-0.132993,-0.370631,-0.629159,-0.132993,-0.370631,-0.629159,-0.154989,-0.39592,-0.594039,-0.163702,-0.446044,-0.567445,-0.163702,-0.446044,-0.567445,-0.162706,-0.466668,-0.529996,-0.129053,-0.405551,-0.660068,-0.129053,-0.405551,-0.660068,-0.118491,-0.382242,-0.630233,-0.118491,-0.382242,-0.630233,-0.139263,-0.403886,-0.596654,-0.147293,-0.450339,-0.571729,-0.147293,-0.450339,-0.571729,-0.146106,-0.467421,-0.536044],