{
    "materials":[{
        "colorEmissive":[0,0,0],
        "depthTest":true,
        "DbgIndex":0,
        "DbgColor":15658734,
        "DbgName":"Material",
        "doubleSided":false,
        "wireframe":false,
        "depthWrite":true,
        "visible":true,
        "blending":1,
        "shading":"lambert",
        "opacity":1,
        "transparent":false,
        "colorDiffuse":[0.236555,0.236555,0.236555]
    }],
    "metadata":{
        "materials":1,
        "uvs":0,
        "type":"Geometry",
        "faces":6,
        "vertices":8,
        "version":3,
        "generator":"io_three",
        "normals":6
    },
    "faces":[34,5,7,6,0,0,0,0,34,6,0,1,0,1,1,1,34,1,2,3,0,2,2,2,34,3,4,5,0,3,3,3,34,5,6,1,0,4,4,4,34,1,3,5,0,5,5,5],
    "normals":[0,1,0,0,1,0,4.09835e-10,1,-2.05724e-07,1.52609e-07,1,1.37961e-07,0,1,-0,-2.16591e-08,1,-1.02906e-07],
    "uvs":[],
    "vertices":[2.99626,-1.40948,-1.27114,2.04509,-1.40948,-2.33177,0.744761,-1.40948,-2.91382,-0.679892,-1.40948,-2.91666,-1.98253,-1.40948,-2.33979,-2.93792,-1.40948,-1.28297,3.41836,-1.40948,0.0368115,-3.36298,-1.40948,0.0164076]
}