{
    "normals":[-0.892542,-0.0511024,0.44806,-0.0858166,0.444043,-0.891886,0.856082,0.19842,-0.477234,0.136811,-0.359906,0.922903,-0.333749,0.154665,0.929887,0.274689,0.904874,-0.325191,0.909575,0.17227,0.378149,0.811701,0.0535829,0.58161,0.667835,-0.0914831,0.738666,0.429634,-0.252322,0.867034,0.221667,-0.315687,0.922608,0.621792,-0.128449,0.772577,0.133796,-0.983756,0.119682,0.113627,-0.988759,-0.0971834,0.116223,-0.949001,-0.293068,-0.0451096,-0.964431,-0.260456,0.188305,-0.770741,-0.608686,0.594112,-0.669635,-0.445668,-0.907339,-0.172261,-0.383488,-0.810879,-0.0517492,-0.582922,-0.670209,0.0928483,-0.736341,-0.439412,0.256973,-0.860745,-0.261571,0.412235,-0.872722,-0.55653,0.121044,-0.821963,-0.131116,0.983149,-0.127386,-0.112523,0.989386,0.0919449,-0.117187,0.949409,0.291358,-0.00535316,0.977308,0.211755,-0.186369,0.754819,0.6289,-0.582262,0.594955,0.554076],
    "materials":[{
        "opacity":1,
        "transparent":false,
        "colorDiffuse":[0.118092,0.123812,0.147566],
        "colorEmissive":[0,0,0],
        "depthTest":true,
        "visible":true,
        "wireframe":false,
        "shading":"lambert",
        "DbgColor":15658734,
        "DbgIndex":0,
        "DbgName":"Black.002",
        "blending":1,
        "depthWrite":true,
        "doubleSided":false
    }],
    "morphTargets":[{
        "vertices":[-0.126815,-0.385047,-0.44719,0.159453,-0.397009,-0.649027,-0.153553,-0.3914,-0.45573,0.158588,-0.38819,-0.660495,-0.122228,-0.412761,-0.440934,0.14584,-0.401507,-0.651486,-0.148966,-0.419114,-0.449474,0.144981,-0.392686,-0.662952,-0.101514,-0.390323,-0.50098,-0.0687826,-0.384023,-0.544164,-0.0262315,-0.369647,-0.578301,0.0199497,-0.320798,-0.595543,0.0809001,-0.301672,-0.601344,0.120186,-0.345792,-0.651152,0.114617,-0.329233,-0.669734,0.0549459,-0.295526,-0.61476,-0.00888852,-0.318304,-0.608735,-0.0480679,-0.366128,-0.594145,-0.092719,-0.383998,-0.558281,-0.127081,-0.393575,-0.512728,0.0905763,-0.337791,-0.6703,0.0526562,-0.318271,-0.627175,-0.0105806,-0.343218,-0.617638,-0.0487736,-0.392633,-0.599369,-0.0921114,-0.411512,-0.55978,-0.12469,-0.421556,-0.510473,0.0961215,-0.354364,-0.651721,0.0691192,-0.329112,-0.610107,0.00877222,-0.350414,-0.600788,-0.0269168,-0.396195,-0.583523,-0.0681207,-0.4116,-0.545624,-0.0991021,-0.418319,-0.49869,-0.153553,-0.3914,-0.45573,-0.153553,-0.3914,-0.45573,-0.126815,-0.385047,-0.44719,-0.126815,-0.385047,-0.44719,0.120186,-0.345792,-0.651152,0.120186,-0.345792,-0.651152,0.159453,-0.397009,-0.649027,0.159453,-0.397009,-0.649027,0.158588,-0.38819,-0.660495,0.158588,-0.38819,-0.660495,-0.127081,-0.393575,-0.512728,-0.148966,-0.419114,-0.449474,-0.148966,-0.419114,-0.449474,0.144981,-0.392686,-0.662952,0.144981,-0.392686,-0.662952,-0.12469,-0.421556,-0.510473,-0.122228,-0.412761,-0.440934,-0.122228,-0.412761,-0.440934,0.14584,-0.401507,-0.651486,0.14584,-0.401507,-0.651486,-0.0991021,-0.418319,-0.49869,-0.101514,-0.390323,-0.50098,-0.0687826,-0.384023,-0.544164,-0.0262315,-0.369647,-0.578301,-0.0262315,-0.369647,-0.578301,0.0199497,-0.320798,-0.595543,0.0809001,-0.301672,-0.601344,0.0809001,-0.301672,-0.601344,0.114617,-0.329233,-0.669734,0.114617,-0.329233,-0.669734,0.0549459,-0.295526,-0.61476,0.0549459,-0.295526,-0.61476,-0.00888852,-0.318304,-0.608735,-0.0480679,-0.366128,-0.594145,-0.0480679,-0.366128,-0.594145,-0.092719,-0.383998,-0.558281,0.0905763,-0.337791,-0.6703,0.0905763,-0.337791,-0.6703,0.0526562,-0.318271,-0.627175,0.0526562,-0.318271,-0.627175,-0.0105806,-0.343218,-0.617638,-0.0487736,-0.392633,-0.599369,-0.0487736,-0.392633,-0.599369,-0.0921114,-0.411512,-0.55978,0.0961215,-0.354364,-0.651721,0.0961215,-0.354364,-0.651721,0.0691192,-0.329112,-0.610107,0.0691192,-0.329112,-0.610107,0.00877222,-0.350414,-0.600788,-0.0269168,-0.396195,-0.583523,-0.0269168,-0.396195,-0.583523,-0.0681207,-0.4116,-0.545624],
        "name":"animation_000000"
    },{
        "vertices":[-0.126815,-0.385047,-0.44719,0.140178,-0.313396,-0.626925,-0.153553,-0.3914,-0.45573,0.136351,-0.310214,-0.638942,-0.122228,-0.412761,-0.440934,0.139473,-0.318487,-0.630909,-0.148966,-0.419114,-0.449474,0.135647,-0.315303,-0.642923,-0.101514,-0.390323,-0.50098,-0.0687826,-0.384023,-0.544164,-0.0262315,-0.369647,-0.578301,0.0243186,-0.342431,-0.598634,0.0870372,-0.322901,-0.604769,0.116138,-0.317042,-0.639484,0.108387,-0.312919,-0.659761,0.061083,-0.316755,-0.618185,-0.00451958,-0.339937,-0.611826,-0.0480679,-0.366128,-0.594145,-0.092719,-0.383998,-0.558281,-0.127081,-0.393575,-0.512728,0.107501,-0.322647,-0.663077,0.0587933,-0.3395,-0.6306,-0.00621164,-0.364851,-0.620729,-0.0487736,-0.392633,-0.599369,-0.0921114,-0.411512,-0.55978,-0.12469,-0.421556,-0.510473,0.115253,-0.32678,-0.642806,0.0752563,-0.350341,-0.613532,0.0131412,-0.372047,-0.603879,-0.0269168,-0.396195,-0.583523,-0.0681207,-0.4116,-0.545624,-0.0991021,-0.418319,-0.49869,-0.153553,-0.3914,-0.45573,-0.153553,-0.3914,-0.45573,-0.126815,-0.385047,-0.44719,-0.126815,-0.385047,-0.44719,0.116138,-0.317042,-0.639484,0.116138,-0.317042,-0.639484,0.140178,-0.313396,-0.626925,0.140178,-0.313396,-0.626925,0.136351,-0.310214,-0.638942,0.136351,-0.310214,-0.638942,-0.127081,-0.393575,-0.512728,-0.148966,-0.419114,-0.449474,-0.148966,-0.419114,-0.449474,0.135647,-0.315303,-0.642923,0.135647,-0.315303,-0.642923,-0.12469,-0.421556,-0.510473,-0.122228,-0.412761,-0.440934,-0.122228,-0.412761,-0.440934,0.139473,-0.318487,-0.630909,0.139473,-0.318487,-0.630909,-0.0991021,-0.418319,-0.49869,-0.101514,-0.390323,-0.50098,-0.0687826,-0.384023,-0.544164,-0.0262315,-0.369647,-0.578301,0.0243186,-0.342431,-0.598634,0.0870372,-0.322901,-0.604769,0.0870372,-0.322901,-0.604769,0.0870372,-0.322901,-0.604769,0.108387,-0.312919,-0.659761,0.108387,-0.312919,-0.659761,0.061083,-0.316755,-0.618185,0.061083,-0.316755,-0.618185,-0.00451958,-0.339937,-0.611826,-0.0480679,-0.366128,-0.594145,-0.092719,-0.383998,-0.558281,0.107501,-0.322647,-0.663077,0.107501,-0.322647,-0.663077,0.0587933,-0.3395,-0.6306,-0.00621164,-0.364851,-0.620729,-0.0487736,-0.392633,-0.599369,-0.0921114,-0.411512,-0.55978,0.115253,-0.32678,-0.642806,0.115253,-0.32678,-0.642806,0.0752563,-0.350341,-0.613532,0.0752563,-0.350341,-0.613532,0.0131412,-0.372047,-0.603879,-0.0269168,-0.396195,-0.583523,-0.0681207,-0.4116,-0.545624],